plant_id,qty_in_sum,qty_in_mean,qty_out_sum,qty_out_mean,balance_after_sum,balance_after_mean
Shepperton_Plant,2020439,334.565159794668,1526473,252.7691670806425,181502629,30055.08014571949
Willowvale_Plant,2000498,332.1431180474846,1489878,247.3647683878466,175855093,29197.259339199736
