operator_id,quantity_produced_count,quantity_produced_sum,quantity_produced_mean,stacked_before_robot_sum,squashed_sum,torn_sum,undersized_small_sum,valleys_sum,loose_packs_sum,pale_underbaked_sum
OP_ANNE,2547,2782558,1092.4844915586966,11492,9026,6523,13898,11631,16107,6447
OP_EFFIE,2542,2789835,1097.4960660896932,11285,8864,6558,13889,11419,16537,6342
OP_JOHN,2522,2801622,1110.8731165741474,11341,8810,6297,14207,11288,16113,6273
OP_TAPIWA,2511,2727363,1086.1660692951016,11447,8702,6319,13540,11281,16283,6265
OP_KUDA,2469,2715933,1100.0133657351155,10884,8545,6097,13643,11251,16220,6081
OP_MOYO,2437,2686323,1102.30734509643,11106,8561,6227,13187,11092,15851,6199
