defect_type,total_count,batches_affected,mean_per_batch,max_per_batch
loose_packs,97374,13977,6.459303482587065,13
undersized_small,82624,13727,5.4808623548922055,11
valleys,68160,13571,4.521393034825871,9
stacked_before_robot,67742,13503,4.493665008291874,9
squashed,52667,13152,3.493665008291874,7
torn,38148,12672,2.530547263681592,5
pale_underbaked,37732,12575,2.5029519071310116,5
