line_id,quantity_produced_count,quantity_produced_sum,quantity_produced_mean,stacked_before_robot_sum,squashed_sum,torn_sum,undersized_small_sum,valleys_sum,loose_packs_sum,pale_underbaked_sum
Line5,3036,3351309,1103.856719367589,13588,10641,7625,16816,13594,19842,7434
Line3,3027,3328868,1099.7251404030394,13667,10663,7785,16430,13767,19801,7644
Line1,3015,3315162,1099.5562189054726,13557,10399,7628,16444,13714,19202,7516
Line2,2978,3291731,1105.349563465413,13480,10331,7490,16389,13448,19184,7550
Line4,2961,3213897,1085.4093211752786,13223,10408,7481,16197,13371,18982,7426
