equipment_id,count,mean
PROOFER_01,1879,81.1882044482058
PACKAGING_LINE_01,1829,106.56834847256931
CONVEYOR_01,1828,3.889798214878708
OVEN_02,1822,218.26029397566785
OVEN_01,1806,217.7389634384697
DOUGH_MIXER_01,1805,5.7579361770043205
DOUGH_MIXER_02,1784,8.294657243504032
METAL_DETECTOR_01,1769,3.9084789213966675
COOLING_TUNNEL_01,1767,29.50258158461465
CONVEYOR_02,1720,1.3644352829825863
