plant_id,count,mean,std,min,max
Shepperton_Plant,8927,68.64345672915827,104.97273049370868,0.0,1981.387446086919
Willowvale_Plant,8985,68.26228657810265,102.86630432309396,0.0,1848.870147494932
