metric_name,count,mean,std,min,max
Oven Temperature,3628,218.00077827826436,57.98545635204973,90.56771074354415,1841.9915696314536
Motor Vibration,3589,7.018875263835049,78.4434262967552,0.05,1981.387446086919
Belt Speed,3548,2.665552374162437,43.13143713168641,0.5,1599.5346216420864
Humidity Level,1879,81.1882044482058,66.03072954505369,65.0,1848.870147494932
Seal Integrity,1829,106.56834847256931,68.3598612012509,85.0,1859.7262701617528
Detection Event,1769,3.9084789213966675,77.53820569794509,0.0,1806.348264508662
Air Temperature,1767,29.50258158461465,39.37999132158083,11.98,1081.0540589112206
